,CustomerID,Recency,RecencyCluster,Frequency,FrequencyCluster,Revenue,RevenueCluster,OverallScore,DayDiff,DayDiff2,DayDiff3,DayDiffMean,DayDiffStd,Segment_High-Value,Segment_Low-Value,Segment_Mid-Value,NextPurchaseDayRange
0,14740.0,91,1,93,0,1423.21,0,1,6.0,34.0,92.0,30.666666666666668,26.102362600602522,False,True,False,0
1,13880.0,45,2,71,0,1372.76,0,2,41.0,72.0,93.0,34.5,10.754843869934453,False,True,False,0
2,17068.0,10,3,140,1,2405.54,0,4,25.0,37.0,38.0,17.3,11.045863982102581,False,False,True,2
3,12971.0,7,3,146,1,5959.04,1,5,3.0,7.0,19.0,5.333333333333333,3.6199677714955785,True,False,False,2
4,16915.0,27,3,31,0,382.39000000000004,0,3,41.0,121.0,156.0,52.0,24.43358344574123,False,False,True,0
5,15194.0,22,3,111,1,2240.17,0,4,4.0,48.0,68.0,17.88888888888889,14.048527008591012,False,False,True,1
6,18044.0,66,2,71,0,1031.28,0,2,32.0,33.0,83.0,23.4,20.044949488586894,False,True,False,0
7,18075.0,6,3,77,0,1306.8700000000001,0,3,55.0,57.0,98.0,29.5,22.456624857711812,False,False,True,1
8,15241.0,27,3,92,0,1327.01,0,3,28.0,56.0,65.0,26.0,28.474550040343043,False,False,True,0
9,17811.0,12,3,207,1,2005.07,0,4,8.0,15.0,29.0,10.6875,5.437140792732886,False,False,True,2
10,15971.0,8,3,16,0,1347.45,0,3,33.0,48.0,134.0,35.0,29.740544715926102,False,False,True,2
11,15311.0,12,3,1061,2,31277.65,2,7,1.0,4.0,9.0,4.75,3.417392489687339,True,False,False,2
12,14732.0,6,3,85,0,1405.3,0,3,37.0,80.0,114.0,44.25,13.047988350699887,False,False,True,2
13,14688.0,29,3,162,1,2361.17,0,4,12.0,21.0,35.0,17.11111111111111,7.817359599705717,False,False,True,1
14,17965.0,34,3,139,1,1147.63,0,4,7.0,20.0,30.0,29.8,33.84819049816401,False,False,True,1
15,15660.0,17,3,46,0,626.1899999999999,0,3,18.0,79.0,87.0,41.5,33.96566894183989,False,False,True,1
16,14676.0,47,2,29,0,1687.17,0,2,60.0,63.0,70.0,34.0,33.61547262794322,False,True,False,0
17,16839.0,9,3,147,1,7957.51,1,5,12.0,22.0,31.0,10.875,8.0156097709407,True,False,False,1
18,12747.0,9,3,50,0,1760.09,0,3,55.0,89.0,109.0,43.5,20.305992547357377,False,False,True,1
19,13599.0,50,2,67,0,1550.57,0,2,6.0,34.0,41.0,19.0,15.329709716755891,False,True,False,0
20,16525.0,17,3,113,1,6131.88,1,5,11.0,21.0,40.0,11.066666666666666,6.181385266226642,True,False,False,2
21,14560.0,9,3,19,0,744.28,0,3,25.0,53.0,87.0,24.857142857142858,20.594728867913197,False,False,True,2
22,17961.0,23,3,129,1,569.19,0,4,4.0,17.0,18.0,7.619047619047619,5.361680617830481,False,False,True,1
23,15984.0,0,3,184,1,1513.22,0,4,10.0,133.0,183.0,61.0,57.29746940310715,False,False,True,1
24,14292.0,45,2,64,0,2564.46,0,2,40.0,53.0,59.0,34.25,32.64327393711197,False,True,False,0
25,15416.0,50,2,152,1,3134.38,1,4,5.0,89.0,132.0,44.0,39.50949253027682,False,False,True,0
26,17949.0,0,3,53,0,37934.22,2,5,5.0,9.0,14.0,11.375,11.026483271348727,True,False,False,2
27,16678.0,19,3,106,0,1827.84,0,3,26.0,78.0,100.0,23.285714285714285,15.32660307781088,False,False,True,2
28,14180.0,6,3,120,1,2204.8,0,4,16.0,32.0,49.0,13.538461538461538,5.076340292891206,False,False,True,2
29,13094.0,29,3,20,0,874.6200000000001,0,3,27.0,53.0,57.0,19.125,21.19593963812072,False,False,True,1
30,18118.0,47,2,557,2,2776.16,0,4,21.0,28.0,39.0,10.384615384615385,7.17098855968108,False,False,True,0
31,14606.0,3,3,1251,2,5314.81,1,6,2.0,9.0,13.0,4.475,1.7684920419849512,True,False,False,2
32,17048.0,15,3,32,0,613.41,0,3,2.0,162.0,167.0,55.666666666666664,90.36776711490295,False,False,True,0
33,16670.0,6,3,157,1,2412.71,0,4,59.0,66.0,141.0,35.2,30.63005060394122,False,False,True,2
34,15061.0,27,3,131,1,13760.869999999999,1,5,7.0,13.0,29.0,11.071428571428571,8.425823727951203,True,False,False,0
35,12980.0,55,2,14,0,4326.87,1,3,2.0,21.0,28.0,21.166666666666668,26.286244818662606,False,False,True,0
36,17770.0,98,1,38,0,1143.27,0,1,14.0,77.0,84.0,28.0,30.512292604784715,False,True,False,0
37,15622.0,90,1,151,1,2501.0,0,2,7.0,14.0,28.0,13.142857142857142,8.571825387640049,False,True,False,0
38,15643.0,79,1,36,0,647.4,0,1,5.0,6.0,12.0,25.75,43.553606815815684,False,True,False,0
39,15189.0,6,3,158,1,9412.7,1,5,7.0,17.0,22.0,6.518518518518518,3.6623906690992722,True,False,False,2
40,14239.0,30,3,56,0,993.21,0,3,70.0,76.0,116.0,30.4,28.023204670415552,False,False,True,1
41,16217.0,135,0,19,0,259.39000000000004,0,0,10.0,32.0,47.0,15.666666666666666,6.027713773341707,False,True,False,0
42,14231.0,79,1,35,0,513.11,0,1,4.0,53.0,103.0,34.333333333333336,26.27419519858474,False,True,False,0
43,14243.0,34,3,57,0,808.34,0,3,6.0,37.0,42.0,29.6,26.32109420217936,False,False,True,1
44,16843.0,34,3,217,1,5359.39,1,5,15.0,42.0,63.0,24.666666666666668,12.53262409340784,True,False,False,1
45,17442.0,13,3,71,0,1133.27,0,3,8.0,51.0,107.0,42.25,24.171263930543642,False,False,True,2
46,13767.0,8,3,192,1,5387.900000000001,1,5,13.0,15.0,19.0,8.7,8.227681133959024,True,False,False,1
47,13477.0,38,2,39,0,701.1,0,2,32.0,73.0,117.0,36.0,7.874007874011811,False,True,False,0
48,16422.0,0,3,240,1,20990.36,2,6,7.0,20.0,22.0,4.55,3.210160152566879,True,False,False,2
49,17865.0,0,3,176,1,4494.360000000001,1,5,7.0,14.0,61.0,20.22222222222222,13.67276286799579,True,False,False,2
50,17428.0,10,3,187,1,7473.72,1,5,17.0,46.0,61.0,15.636363636363637,11.80061631672454,True,False,False,1
51,13018.0,22,3,273,1,4141.45,1,5,9.0,32.0,57.0,14.545454545454545,6.424385361474455,True,False,False,1
52,17576.0,5,3,177,1,1550.73,0,4,7.0,44.0,77.0,25.142857142857142,10.10657494618514,False,False,True,2
53,13230.0,38,2,342,1,1660.4,0,3,14.0,63.0,89.0,24.0,16.161683080669537,False,False,True,0
54,14388.0,21,3,88,0,1522.31,0,3,33.0,82.0,160.0,53.333333333333336,22.810816147900834,False,False,True,1
55,17567.0,49,2,57,0,1382.35,0,2,84.0,125.0,132.0,44.0,38.58756276314948,False,True,False,0
56,13784.0,12,3,20,0,1638.99,0,3,55.0,72.0,105.0,42.0,20.944370763206678,False,False,True,2
57,18102.0,26,3,136,1,88948.33,3,7,8.0,16.0,32.0,12.916666666666666,9.718383080377604,True,False,False,1
58,15304.0,63,2,16,0,354.65000000000003,0,2,1.0,55.0,72.0,19.666666666666668,19.200694431886223,False,True,False,0
59,14527.0,1,3,394,1,2715.28,0,4,6.0,15.0,21.0,6.428571428571429,2.911389784311005,False,False,True,2
60,14573.0,79,1,136,1,1021.47,0,2,3.0,21.0,33.0,20.4,15.789236840328922,False,True,False,0
61,15078.0,5,3,211,1,4429.99,1,5,7.0,17.0,30.0,14.666666666666666,10.316212600767903,True,False,False,1
62,15719.0,26,3,519,2,2690.7,0,5,24.0,29.0,52.0,19.375,6.696214282285605,True,False,False,1
63,13630.0,5,3,56,0,1032.52,0,3,66.0,79.0,140.0,44.0,24.48128536930472,False,False,True,2
64,17017.0,57,2,105,0,2463.19,0,2,5.0,43.0,47.0,15.5,15.090204959319994,False,True,False,0
65,15281.0,36,2,74,0,1123.51,0,2,9.0,50.0,61.0,20.714285714285715,14.59125635114269,False,True,False,0
66,18198.0,0,3,87,0,3415.17,1,4,41.0,57.0,65.0,13.923076923076923,9.490886316721062,False,False,True,1
67,17389.0,20,3,112,1,8057.9400000000005,1,5,1.0,8.0,10.0,8.05,8.86432827626965,True,False,False,1
68,15932.0,7,3,65,0,1534.2,0,3,55.0,58.0,107.0,24.857142857142858,20.358688328971258,False,False,True,2
69,18218.0,106,1,24,0,626.38,0,1,5.0,61.0,75.0,25.0,27.2213151776324,False,True,False,0
70,15596.0,0,3,41,0,568.8199999999999,0,3,99.0,106.0,114.0,36.2,41.865260061296645,False,False,True,0
71,17416.0,1,3,191,1,5239.41,1,5,8.0,75.0,96.0,30.0,26.351470547200964,True,False,False,1
72,17675.0,0,3,412,1,10326.85,1,5,1.0,10.0,22.0,8.227272727272727,4.720086946150545,True,False,False,1
73,17652.0,7,3,161,1,2694.33,0,4,37.0,40.0,62.0,21.75,18.714013084164648,False,False,True,1
74,13199.0,3,3,39,0,2665.64,0,3,4.0,40.0,69.0,14.833333333333334,11.527306184828609,False,False,True,2
75,13476.0,78,1,61,0,1092.77,0,1,7.0,96.0,103.0,34.333333333333336,47.34272207354931,False,True,False,0
76,14057.0,0,3,139,1,3191.72,1,5,9.0,15.0,38.0,20.11111111111111,15.053607910102851,True,False,False,2
77,17841.0,3,3,3546,3,16643.22,2,8,3.0,5.0,9.0,3.423076923076923,1.3187360830400892,True,False,False,2
78,18041.0,3,3,179,1,1526.55,0,4,40.0,80.0,110.0,22.25,13.9258239048385,False,False,True,1
79,17757.0,14,3,273,1,2160.7,0,4,16.0,38.0,49.0,15.181818181818182,5.913005696228979,False,False,True,1
80,15005.0,8,3,669,2,3433.14,1,6,19.0,32.0,40.0,12.357142857142858,4.651007216922817,True,False,False,2
81,13014.0,13,3,71,0,1962.23,0,3,52.0,56.0,100.0,21.0,20.354009783964297,False,False,True,1
82,15611.0,3,3,22,0,826.99,0,3,2.0,60.0,74.0,25.428571428571427,25.27091307450223,False,False,True,1
83,14702.0,16,3,75,0,627.05,0,3,39.0,46.0,165.0,55.0,57.688820407423826,False,False,True,1
84,13694.0,0,3,325,1,33048.84,2,6,7.0,13.0,22.0,8.181818181818182,4.8857066909639455,True,False,False,2
85,14796.0,7,3,586,2,3675.61,1,6,30.0,44.0,65.0,24.714285714285715,10.078265156832726,True,False,False,2
86,17001.0,13,3,79,0,1698.2,0,3,60.0,94.0,132.0,41.75,12.284814474246922,False,False,True,1
87,15220.0,15,3,90,0,1264.01,0,3,54.0,88.0,111.0,33.0,15.858751527153705,False,False,True,0
88,17581.0,0,3,225,1,5036.58,1,5,9.0,42.0,58.0,25.714285714285715,20.564648353540157,True,False,False,1
89,15827.0,14,3,78,0,930.03,0,3,20.0,27.0,65.0,18.444444444444443,15.117135237133315,False,False,True,1
90,17315.0,0,3,291,1,3283.05,1,5,8.0,15.0,27.0,9.473684210526315,7.128724531800369,True,False,False,2
91,13113.0,13,3,144,1,7330.25,1,5,9.0,49.0,62.0,12.846153846153847,8.830309109785398,True,False,False,0
92,16333.0,23,3,31,0,11860.720000000001,1,4,69.0,103.0,117.0,31.4,22.97389823255949,False,False,True,1
93,15358.0,20,3,220,1,3208.21,1,5,16.0,58.0,87.0,20.0,14.39245834257849,True,False,False,1
94,13491.0,47,2,36,0,446.62,0,2,100.0,116.0,133.0,44.333333333333336,48.21134029803915,False,True,False,0
95,14031.0,26,3,129,1,4462.57,1,5,42.0,70.0,84.0,25.666666666666668,9.437513796899408,True,False,False,0
96,17243.0,13,3,127,1,2047.92,0,4,22.0,45.0,65.0,23.571428571428573,16.195237395163872,False,False,True,2
97,15465.0,38,2,45,0,3127.4199999999996,1,3,21.0,42.0,95.0,17.5,15.76614818436731,False,False,True,0
98,14745.0,12,3,63,0,926.56,0,3,29.0,72.0,166.0,55.333333333333336,34.210134950527944,False,False,True,0
99,18223.0,34,3,94,0,1897.75,0,3,9.0,35.0,38.0,18.0,15.583874449479593,False,False,True,1
100,14543.0,8,3,70,0,1761.74,0,3,19.0,63.0,74.0,17.0,14.552586635295382,False,False,True,1
101,16923.0,52,2,289,1,2952.4,1,4,21.0,35.0,47.0,14.0,7.0710678118654755,False,False,True,0
102,15400.0,13,3,12,0,561.7,0,3,15.0,64.0,71.0,41.25,39.60113634733226,False,False,True,1
103,14701.0,72,2,139,1,1266.96,0,3,75.0,94.0,106.0,35.333333333333336,34.530180036213736,False,False,True,0
104,14903.0,21,3,303,1,2345.67,0,4,3.0,69.0,71.0,19.625,24.67466890789592,False,False,True,0
105,15606.0,19,3,36,0,1524.51,0,3,51.0,103.0,142.0,39.75,16.276260831857748,False,False,True,0
106,16033.0,8,3,552,2,4539.91,1,6,7.0,29.0,43.0,21.25,12.441290700153031,True,False,False,1
107,13263.0,8,3,1121,2,4729.02,1,6,12.0,19.0,41.0,8.947368421052632,4.660396790576317,True,False,False,2
108,15696.0,113,1,61,0,773.34,0,1,5.0,7.0,39.0,13.0,13.656500283747663,False,True,False,0
109,16638.0,6,3,36,0,683.57,0,3,6.0,147.0,151.0,42.75,65.88563323416318,False,False,True,2
110,13881.0,7,3,89,0,5875.8,1,4,34.0,56.0,62.0,28.333333333333332,13.125039682479693,False,False,True,2
111,13117.0,21,3,32,0,341.84,0,3,96.0,117.0,156.0,52.0,39.153543900903784,False,False,True,0
112,15039.0,14,3,808,2,11352.09,1,6,14.0,28.0,35.0,7.761904761904762,2.4063408300729536,True,False,False,2
113,16013.0,9,3,54,0,11959.09,1,4,10.0,28.0,33.0,9.333333333333334,7.443907892087486,False,False,True,2
114,14051.0,13,3,77,0,5428.030000000001,1,4,28.0,44.0,60.0,16.4,8.058122196475637,False,False,True,1
115,18257.0,14,3,68,0,1141.82,0,3,54.0,77.0,86.0,32.6,28.675773747189456,False,False,True,1
116,17381.0,19,3,64,0,9693.01,1,4,8.0,31.0,32.0,15.8,9.2951600308978,False,False,True,2
117,16316.0,29,3,97,0,1761.89,0,3,28.0,33.0,77.0,29.6,27.969626382917593,False,False,True,1
118,13408.0,0,3,234,1,11506.880000000001,1,5,5.0,6.0,9.0,7.08,4.62709412050371,True,False,False,2
119,17139.0,22,3,159,1,4183.64,1,5,49.0,53.0,88.0,31.0,19.761072845369505,True,False,False,1
120,14214.0,56,2,62,0,895.01,0,2,14.0,117.0,118.0,30.25,48.835608593184,False,True,False,0
121,13001.0,58,2,164,1,5113.780000000001,1,4,26.0,59.0,81.0,19.833333333333332,8.750238091998792,False,False,True,0
122,12839.0,13,3,101,0,1591.5,0,3,20.0,44.0,70.0,32.8,26.166772823563857,False,False,True,1
123,17696.0,8,3,95,0,1674.18,0,3,21.0,30.0,40.0,24.142857142857142,30.73233135439273,False,False,True,2
124,15290.0,3,3,85,0,2494.7599999999998,0,3,3.0,25.0,55.0,24.857142857142858,12.654756305154878,False,False,True,1
125,17634.0,22,3,124,1,1135.01,0,4,90.0,92.0,113.0,38.75,37.8714932369982,False,False,True,1
126,13458.0,35,3,141,1,3153.52,1,5,34.0,51.0,54.0,20.285714285714285,12.724180205607036,True,False,False,1
127,13089.0,0,3,895,2,22670.13,2,7,6.0,9.0,12.0,4.214285714285714,3.008408657094914,True,False,False,2
128,15498.0,0,3,222,1,5363.46,1,5,20.0,68.0,71.0,17.7,16.28939668755244,True,False,False,2
129,12921.0,28,3,272,1,5607.27,1,5,2.0,5.0,15.0,9.3125,9.85710403719064,True,False,False,1
130,13081.0,29,3,446,1,11175.71,1,5,14.0,75.0,88.0,29.6,22.456624857711812,True,False,False,0
131,15811.0,5,3,61,0,835.07,0,3,99.0,100.0,172.0,57.333333333333336,50.61949558552844,False,False,True,0
132,15769.0,1,3,64,0,31495.64,2,5,6.0,46.0,54.0,16.0,13.784048752090223,True,False,False,2
133,17162.0,31,3,61,0,1031.0,0,3,54.0,59.0,114.0,36.5,23.530122538284125,False,False,True,0
134,15752.0,15,3,264,1,1363.98,0,4,34.0,134.0,162.0,54.0,39.949968710876355,False,False,True,1
135,13092.0,111,1,15,0,236.3,0,1,16.0,50.0,66.0,22.0,10.392304845413264,False,True,False,0
136,12841.0,6,3,149,1,1438.52,0,4,22.0,39.0,53.0,21.375,8.716773649530133,False,False,True,2
137,15974.0,33,3,93,0,1765.29,0,3,51.0,78.0,142.0,36.0,27.36177382164151,False,False,True,1
138,13798.0,7,3,176,1,16878.92,2,6,16.0,22.0,36.0,6.538461538461538,3.690319977788043,True,False,False,2
139,15291.0,72,2,54,0,1904.53,0,2,8.0,75.0,80.0,15.0,23.08679276123039,False,True,False,0
140,16782.0,38,2,45,0,714.6600000000001,0,2,9.0,19.0,66.0,19.857142857142858,14.735767952260145,False,True,False,0
141,13468.0,7,3,136,1,2627.66,0,4,14.0,27.0,34.0,8.894736842105264,5.556725023109939,False,False,True,2
142,15764.0,0,3,183,1,3249.72,1,5,7.0,29.0,84.0,44.0,37.76241517699841,True,False,False,2
143,14709.0,12,3,102,0,2642.39,0,3,18.0,37.0,75.0,32.8,17.711578134090704,False,False,True,2
144,17940.0,8,3,17,0,746.1399999999999,0,3,20.0,56.0,91.0,18.666666666666668,12.469963913339926,False,False,True,0
145,16779.0,6,3,158,1,4250.56,1,5,42.0,43.0,57.0,18.88888888888889,13.504114599303099,True,False,False,1
146,13340.0,5,3,112,1,9229.54,1,5,29.0,40.0,171.0,57.0,64.71475874945375,True,False,False,0
147,17419.0,43,2,81,0,1611.78,0,2,106.0,123.0,126.0,33.25,48.856081163624516,False,True,False,0
148,14407.0,7,3,76,0,2111.08,0,3,1.0,8.0,26.0,21.125,20.258596059098327,False,False,True,0
149,13908.0,26,3,80,0,1439.11,0,3,85.0,88.0,150.0,50.0,42.2965719651132,False,False,True,1
150,16710.0,38,2,232,1,1318.92,0,3,69.0,75.0,126.0,34.5,30.44667469527666,False,False,True,0
151,13975.0,28,3,216,1,1474.66,0,4,5.0,87.0,145.0,37.0,39.35310237664455,False,False,True,0
152,12748.0,1,3,1210,2,8115.68,1,6,5.0,6.0,13.0,3.723404255319149,3.0836322995960357,True,False,False,2
153,14730.0,7,3,187,1,904.21,0,4,71.0,125.0,149.0,42.25,24.4455176532086,False,False,True,1
154,13777.0,29,3,58,0,4262.0199999999995,1,4,20.0,36.0,55.0,13.363636363636363,10.800673379680799,False,False,True,1
155,15023.0,16,3,323,1,4032.82,1,5,18.0,43.0,53.0,32.0,20.579115627256677,True,False,False,0
156,14367.0,37,2,344,1,5364.7,1,4,14.0,47.0,75.0,23.166666666666668,7.730890418746515,False,False,True,0
157,13854.0,6,3,46,0,3855.16,1,4,36.0,51.0,83.0,13.076923076923077,10.873986837567433,False,False,True,2
158,16712.0,8,3,242,1,2017.06,0,4,21.0,70.0,104.0,33.6,12.680693987317888,False,False,True,2
159,14426.0,40,2,163,1,1683.67,0,3,8.0,38.0,136.0,45.333333333333336,46.91836882643442,False,False,True,0
160,17306.0,28,3,31,0,4434.66,1,4,14.0,29.0,43.0,18.5,14.61897006338975,False,False,True,1
161,17049.0,17,3,136,1,2598.75,0,4,31.0,40.0,97.0,39.5,24.296776192189228,False,False,True,1
162,13267.0,10,3,95,0,1851.72,0,3,41.0,48.0,80.0,20.625,12.270027360546978,False,False,True,2
163,14032.0,68,2,71,0,1195.2,0,2,32.0,38.0,57.0,17.833333333333332,12.687263955111309,False,True,False,0
164,14825.0,27,3,31,0,701.6,0,3,42.0,77.0,148.0,49.333333333333336,19.08751773629388,False,False,True,1
165,17450.0,0,3,116,1,64382.9,3,7,8.0,14.0,34.0,11.666666666666666,8.820970684087088,True,False,False,2
166,14534.0,19,3,305,1,2129.57,0,4,16.0,35.0,50.0,17.333333333333332,7.648529270389178,False,False,True,1
167,14112.0,13,3,120,1,1809.92,0,4,9.0,17.0,90.0,27.0,31.285779517218362,False,False,True,0
168,15502.0,23,3,151,1,1816.7400000000002,0,4,41.0,147.0,152.0,50.666666666666664,51.189191567491406,False,False,True,1
169,16572.0,27,3,58,0,999.7,0,3,7.0,24.0,148.0,49.333333333333336,64.8562513049693,False,False,True,0
170,17238.0,36,2,255,1,1451.28,0,3,20.0,48.0,70.0,23.166666666666668,13.717385562368168,False,False,True,0
171,15529.0,42,2,310,1,1828.19,0,3,68.0,105.0,117.0,33.25,25.630385612913955,False,False,True,0
172,14344.0,27,3,57,0,534.28,0,3,10.0,79.0,129.0,37.0,27.36177382164151,False,False,True,0
173,15379.0,69,2,58,0,1021.2,0,2,17.0,39.0,106.0,35.333333333333336,27.537852736430512,False,True,False,0
174,13078.0,0,3,200,1,4817.91,1,5,6.0,13.0,16.0,11.666666666666666,8.312354545809393,True,False,False,2
175,16945.0,13,3,114,1,1924.57,0,4,20.0,51.0,88.0,32.4,14.117365193264641,False,False,True,2
176,14085.0,41,2,176,1,1260.28,0,3,34.0,57.0,118.0,26.8,22.587607221660285,False,False,True,0
177,15581.0,20,3,102,0,3104.01,1,4,2.0,10.0,36.0,19.375,18.53134410359147,False,False,True,0
178,16419.0,12,3,35,0,706.8199999999999,0,3,16.0,56.0,161.0,40.75,45.61706552011721,False,False,True,0
179,17730.0,6,3,102,0,2368.73,0,3,16.0,57.0,79.0,33.8,13.935566009315876,False,False,True,1
180,14291.0,13,3,140,1,2345.59,0,4,7.0,59.0,97.0,40.5,24.906491790963525,False,False,True,1
181,13538.0,20,3,15,0,724.95,0,3,28.0,63.0,154.0,51.333333333333336,34.530180036213736,False,False,True,1
182,13953.0,15,3,11,0,2104.36,0,3,49.0,95.0,159.0,53.0,9.643650760992955,False,False,True,0
183,15632.0,21,3,115,1,2335.94,0,4,21.0,61.0,104.0,25.5,14.293355099485915,False,False,True,0
184,15838.0,6,3,99,0,12906.98,1,4,2.0,15.0,59.0,18.666666666666668,13.656500283747663,False,False,True,1
185,17377.0,26,3,80,0,911.5500000000001,0,3,47.0,129.0,148.0,49.333333333333336,31.564748269760262,False,False,True,1
186,15939.0,7,3,53,0,4496.15,1,4,9.0,27.0,73.0,20.875,12.088217403736582,False,False,True,2
187,18183.0,117,1,44,0,600.52,0,1,9.0,43.0,49.0,11.2,13.065221008463652,False,True,False,0
188,16553.0,63,2,61,0,3723.38,1,3,42.0,69.0,78.0,27.75,13.937359864766353,False,False,True,0
189,16359.0,75,2,36,0,666.4300000000001,0,2,15.0,38.0,67.0,24.5,7.187952884282608,False,True,False,0
190,14227.0,85,1,94,0,1652.32,0,1,11.0,33.0,50.0,14.833333333333334,4.622409184253019,False,True,False,0
191,14334.0,22,3,87,0,1328.19,0,3,81.0,111.0,145.0,38.0,31.03761159195941,False,False,True,1
192,13102.0,33,3,162,1,3048.4,1,5,21.0,40.0,65.0,17.625,6.717514421272202,True,False,False,0
193,14211.0,107,1,27,0,418.34000000000003,0,1,20.0,27.0,31.0,16.75,14.591664287073861,False,True,False,0
194,14713.0,26,3,165,1,1171.69,0,4,59.0,91.0,140.0,36.75,22.75045787085028,False,False,True,1
195,14667.0,13,3,209,1,2844.76,0,4,14.0,31.0,58.0,17.88888888888889,11.362707032706208,False,False,True,2
196,16745.0,19,3,209,1,4652.91,1,5,11.0,24.0,43.0,15.5,7.168604389202189,True,False,False,2
197,14854.0,33,3,114,1,2291.69,0,4,31.0,36.0,94.0,28.2,19.253571097331527,False,False,True,0
198,13871.0,12,3,190,1,3618.19,1,5,22.0,50.0,94.0,27.0,9.919677414109795,True,False,False,2
199,14064.0,12,3,59,0,942.16,0,3,98.0,127.0,140.0,40.25,39.050181390957285,False,False,True,0
200,16743.0,12,3,139,1,1409.33,0,4,13.0,42.0,98.0,40.25,23.34345018772218,False,False,True,0
201,15738.0,9,3,73,0,2265.77,0,3,47.0,74.0,95.0,23.571428571428573,13.189100839419682,False,False,True,2
202,15093.0,16,3,32,0,1416.1599999999999,0,3,83.0,90.0,158.0,52.666666666666664,40.253364248635584,False,False,True,0
203,14056.0,7,3,624,2,4730.16,1,6,14.0,15.0,21.0,10.4375,6.801654210557899,True,False,False,1
204,16558.0,21,3,198,1,2866.29,0,4,13.0,17.0,55.0,15.2,13.323329580518193,False,False,True,1
205,16817.0,75,2,50,0,696.83,0,2,10.0,43.0,73.0,16.333333333333332,12.044362443345296,False,True,False,0
206,16912.0,34,3,34,0,766.53,0,3,66.0,73.0,139.0,46.333333333333336,34.06366588218792,False,False,True,0
207,15513.0,6,3,166,1,6514.610000000001,1,5,30.0,69.0,93.0,27.833333333333332,14.579666205598354,True,False,False,2
208,13098.0,13,3,361,1,13479.039999999999,1,5,14.0,21.0,27.0,8.88888888888889,6.304889688720026,True,False,False,2
209,13842.0,55,2,77,0,1257.74,0,2,44.0,72.0,118.0,39.333333333333336,9.865765724632494,False,True,False,0
210,14329.0,8,3,123,1,1924.1,0,4,28.0,56.0,119.0,33.0,20.784609690826525,False,False,True,0
211,13654.0,45,2,109,1,1714.27,0,3,56.0,97.0,128.0,42.666666666666664,12.583057392117917,False,False,True,0
212,16652.0,0,3,84,0,4409.91,1,4,9.0,112.0,140.0,43.25,41.15316917727398,False,False,True,1
213,16801.0,63,2,121,1,867.83,0,3,29.0,38.0,90.0,27.5,18.266545011760343,False,False,True,0
214,14083.0,26,3,7,0,89.03,0,3,7.0,73.0,147.0,49.0,36.59234892706397,False,False,True,0
215,17800.0,17,3,55,0,629.25,0,3,42.0,44.0,100.0,39.0,25.534290669607408,False,False,True,1
216,14587.0,84,1,213,1,946.71,0,2,29.0,63.0,75.0,22.25,10.90489186863706,False,True,False,0
217,13305.0,15,3,31,0,796.85,0,3,30.0,130.0,158.0,52.666666666666664,41.00406483915141,False,False,True,2
218,17975.0,14,3,165,1,2481.07,0,4,20.0,29.0,44.0,26.166666666666668,13.526517166908365,False,False,True,1
219,14800.0,9,3,186,1,1983.35,0,4,29.0,82.0,111.0,32.4,20.292855885754474,False,False,True,1
220,14810.0,3,3,150,1,1225.04,0,4,42.0,95.0,137.0,33.6,17.155174146594955,False,False,True,0
221,13700.0,76,2,90,0,1089.79,0,2,64.0,65.0,95.0,31.666666666666668,31.533051443419385,False,True,False,0
222,15547.0,10,3,207,1,1342.98,0,4,84.0,133.0,161.0,53.666666666666664,28.290163190291665,False,False,True,2
223,14502.0,49,2,170,1,632.87,0,3,85.0,86.0,122.0,40.666666666666664,42.19399641339196,False,False,True,0
224,17611.0,17,3,305,1,1643.33,0,4,6.0,38.0,52.0,25.666666666666668,13.03329070751768,False,False,True,1
225,15671.0,21,3,59,0,1312.85,0,3,5.0,121.0,146.0,29.8,49.17011287357392,False,False,True,1
226,15125.0,12,3,131,1,10634.45,1,5,16.0,22.0,31.0,12.076923076923077,9.376046950088101,True,False,False,0
227,16871.0,98,1,108,1,1986.97,0,2,12.0,57.0,72.0,24.0,18.24828759089466,False,True,False,0
228,15159.0,12,3,275,1,6245.15,1,5,24.0,44.0,59.0,15.8,10.891382934330341,True,False,False,1
229,12901.0,0,3,98,0,10584.03,1,4,8.0,23.0,33.0,8.095238095238095,5.2144487906658155,False,False,True,2
230,13225.0,43,2,11,0,1448.3200000000002,0,2,53.0,110.0,127.0,42.333333333333336,22.03028218914441,False,True,False,0
231,14395.0,77,2,124,1,1266.91,0,3,45.0,69.0,93.0,31.0,12.12435565298214,False,False,True,0
232,16353.0,3,3,52,0,2030.71,0,3,39.0,114.0,167.0,55.666666666666664,18.14754345175493,False,False,True,2
233,13319.0,13,3,209,1,4060.46,1,5,7.0,21.0,35.0,14.272727272727273,11.028063375687582,True,False,False,1
234,14733.0,10,3,56,0,2078.78,0,3,31.0,34.0,60.0,32.0,22.572106680591425,False,False,True,0
235,14060.0,8,3,83,0,2171.32,0,3,22.0,37.0,75.0,23.142857142857142,9.839183086492689,False,False,True,2
236,16150.0,17,3,65,0,966.93,0,3,11.0,150.0,153.0,51.0,76.31513611335565,False,False,True,1
237,16570.0,27,3,66,0,1621.21,0,3,11.0,34.0,35.0,23.833333333333332,24.806585147227874,False,False,True,0
238,17799.0,63,2,166,1,1133.55,0,3,6.0,79.0,107.0,35.666666666666664,34.151622704248375,False,False,True,0
239,13082.0,26,3,68,0,3216.04,1,4,31.0,50.0,108.0,23.833333333333332,19.312344929258764,False,False,True,0
240,16156.0,49,2,56,0,1083.03,0,2,2.0,6.0,57.0,24.0,27.97320146139873,False,True,False,0
241,12931.0,0,3,70,0,23196.35,2,5,1.0,20.0,27.0,28.166666666666668,26.917776034930274,True,False,False,1
242,18260.0,72,2,100,0,1825.48,0,2,28.0,33.0,68.0,24.25,13.200378782444085,False,True,False,0
243,17954.0,23,3,248,1,1178.05,0,4,39.0,61.0,103.0,29.2,15.610893632332521,False,False,True,0
244,16168.0,3,3,55,0,1957.7,0,3,12.0,25.0,42.0,13.833333333333334,9.71253485622231,False,False,True,2
245,15106.0,36,2,73,0,1025.99,0,2,5.0,75.0,133.0,44.333333333333336,34.58805188693537,False,True,False,0
246,13971.0,6,3,100,0,1604.68,0,3,3.0,72.0,105.0,27.166666666666668,29.164476108215396,False,False,True,1
247,14092.0,31,3,79,0,1517.57,0,3,39.0,65.0,105.0,34.5,6.454972243679028,False,False,True,1
248,15150.0,9,3,235,1,3569.62,1,5,19.0,46.0,77.0,40.0,29.097537123726926,True,False,False,1
249,16996.0,7,3,24,0,893.59,0,3,14.0,138.0,162.0,54.0,60.8276253029822,False,False,True,0
250,15867.0,13,3,216,1,1879.79,0,4,30.0,70.0,83.0,31.2,12.716131487209466,False,False,True,1
251,14735.0,10,3,95,0,2261.36,0,3,23.0,66.0,86.0,17.666666666666668,12.806248474865697,False,False,True,2
252,14226.0,99,1,48,0,1678.85,0,1,11.0,68.0,70.0,23.333333333333332,29.501412395567325,False,True,False,0
253,18144.0,9,3,23,0,1505.5,0,3,47.0,103.0,118.0,40.0,17.644640357154728,False,False,True,1
254,16297.0,112,1,23,0,275.4,0,1,37.0,54.0,56.0,18.666666666666668,17.559422921421234,False,True,False,0
255,12994.0,7,3,53,0,573.27,0,3,13.0,156.0,161.0,53.666666666666664,77.46827307571361,False,False,True,0
256,18231.0,92,1,114,1,1792.27,0,2,43.0,48.0,76.0,25.333333333333332,19.139836293274122,False,True,False,0
257,16029.0,7,3,127,1,17081.82,2,6,6.0,7.0,19.0,7.318181818181818,5.276961279592673,True,False,False,2
258,17511.0,14,3,450,1,37661.72,2,6,9.0,13.0,28.0,9.625,7.940403012442126,True,False,False,1
259,13668.0,13,3,275,1,3129.89,1,5,23.0,28.0,53.0,14.090909090909092,7.077493136055244,True,False,False,0
260,13027.0,13,3,20,0,5472.0,1,4,42.0,44.0,120.0,38.75,30.34660881658224,False,False,True,0
261,17858.0,16,3,72,0,1548.25,0,3,3.0,52.0,145.0,38.0,42.15843134336634,False,False,True,1
262,15694.0,76,2,17,0,2060.66,0,2,11.0,27.0,70.0,23.0,14.071247279470288,False,True,False,0
263,17504.0,106,1,104,0,1957.85,0,1,2.0,7.0,11.0,15.5,23.69950773047125,False,True,False,0
264,14505.0,9,3,344,1,2854.23,0,4,95.0,104.0,159.0,53.0,43.034869582700026,False,False,True,0
265,14572.0,10,3,159,1,1739.6100000000001,0,4,37.0,144.0,158.0,52.666666666666664,48.43896503160791,False,False,True,0
266,12955.0,6,3,67,0,1324.02,0,3,37.0,58.0,59.0,23.0,17.804493814764857,False,False,True,2
267,16523.0,15,3,130,1,3969.55,1,5,14.0,26.0,39.0,15.2,6.762642481555072,True,False,False,2
268,17716.0,23,3,168,1,3436.76,1,5,54.0,126.0,144.0,48.0,27.49545416973504,True,False,False,1
269,15301.0,7,3,138,1,3067.1,1,5,6.0,40.0,65.0,22.857142857142858,11.4953406710222,True,False,False,1
270,12989.0,57,2,18,0,2550.84,0,2,43.0,81.0,109.0,27.5,18.734993995195193,False,True,False,0
271,13268.0,69,2,305,1,2111.4,0,3,29.0,50.0,72.0,19.6,6.767569726275452,False,False,True,0
272,14462.0,20,3,135,1,1065.98,0,4,25.0,65.0,92.0,29.4,19.67993902429578,False,False,True,1
273,16746.0,0,3,218,1,3154.84,1,5,19.0,44.0,61.0,23.857142857142858,7.128079952520442,True,False,False,2
274,13631.0,33,3,11,0,2969.27,1,4,9.0,30.0,43.0,22.166666666666668,20.32158130330085,False,False,True,1
275,13394.0,15,3,79,0,1229.69,0,3,36.0,99.0,152.0,50.666666666666664,13.650396819628845,False,False,True,1
276,14298.0,23,3,750,2,23767.94,2,7,18.0,42.0,67.0,14.4,10.297788327813135,True,False,False,1
277,15648.0,104,1,28,0,599.9,0,1,44.0,50.0,63.0,21.0,20.223748416156685,False,True,False,0
278,13969.0,7,3,308,1,3248.52,1,5,20.0,34.0,62.0,22.857142857142858,9.702724212449674,True,False,False,1
279,17725.0,0,3,147,1,2439.17,0,4,12.0,45.0,76.0,18.555555555555557,12.440971737681014,False,False,True,1
280,15854.0,40,2,72,0,1646.39,0,2,32.0,64.0,68.0,31.5,22.052966542697455,False,True,False,0
281,14110.0,19,3,103,0,3246.12,1,4,30.0,52.0,101.0,29.4,11.502173707608488,False,False,True,1
282,17857.0,9,3,19,0,11492.88,1,4,11.0,63.0,97.0,19.625,16.465873800075112,False,False,True,2
283,16672.0,12,3,93,0,6262.39,1,4,10.0,15.0,22.0,10.266666666666667,6.870918702002215,False,False,True,2
284,13090.0,12,3,61,0,3082.67,1,4,24.0,63.0,126.0,38.5,17.52141546793523,False,False,True,1
285,16626.0,13,3,103,0,2163.24,0,3,14.0,30.0,55.0,21.857142857142858,26.403462976338105,False,False,True,1
286,14194.0,6,3,305,1,5045.12,1,5,1.0,8.0,28.0,13.333333333333334,14.367471678212642,True,False,False,2
287,14315.0,29,3,68,0,1550.15,0,3,5.0,25.0,62.0,34.25,30.148244835589793,False,False,True,0
288,16684.0,33,3,113,1,23462.68,2,6,5.0,39.0,50.0,22.166666666666668,12.15593133686871,True,False,False,0
289,14282.0,9,3,81,0,1924.44,0,3,7.0,53.0,67.0,22.428571428571427,16.399767710317757,False,False,True,1
290,16656.0,16,3,38,0,4856.5199999999995,1,4,4.0,6.0,27.0,18.75,17.67766952966369,False,False,True,2
291,15065.0,64,2,93,0,2062.94,0,2,63.0,93.0,102.0,34.0,27.2213151776324,False,True,False,0
292,13593.0,8,3,90,0,1430.43,0,3,54.0,155.0,156.0,52.0,50.02999100539596,False,False,True,0
293,12948.0,0,3,87,0,1412.71,0,3,5.0,114.0,160.0,41.0,49.37610758251404,False,False,True,1
294,18229.0,10,3,81,0,3491.16,1,4,28.0,37.0,61.0,19.25,6.627863262664026,False,False,True,2
295,13911.0,44,2,104,0,1878.36,0,2,5.0,53.0,71.0,24.0,16.077935190813527,False,True,False,0
296,15938.0,12,3,13,0,329.68,0,3,89.0,136.0,152.0,50.666666666666664,36.637867477970566,False,False,True,0
297,13725.0,69,2,29,0,404.02,0,2,56.0,88.0,95.0,31.666666666666668,24.5017006212494,False,True,False,0
298,14258.0,48,2,48,0,5080.24,1,3,3.0,51.0,97.0,29.0,21.802140567690444,False,False,True,0
299,18225.0,0,3,142,1,2157.5099999999998,0,4,13.0,49.0,96.0,23.428571428571427,20.614373164187676,False,False,True,2
300,14217.0,55,2,37,0,673.33,0,2,14.0,29.0,44.0,18.166666666666668,10.342469079802301,False,True,False,0
301,14232.0,15,3,93,0,1570.84,0,3,22.0,68.0,71.0,29.8,28.542950092798748,False,False,True,0
302,14769.0,8,3,610,2,5616.95,1,6,33.0,93.0,156.0,52.0,16.522711641858304,True,False,False,1
303,13985.0,7,3,158,1,2737.44,0,4,13.0,20.0,49.0,22.428571428571427,16.420080621575757,False,False,True,1
304,16115.0,17,3,147,1,792.85,0,4,63.0,95.0,147.0,49.0,15.716233645501712,False,False,True,1
305,15140.0,15,3,58,0,1723.86,0,3,76.0,83.0,119.0,37.25,28.698141635536846,False,False,True,1
306,12843.0,59,2,107,0,1670.81,0,2,9.0,18.0,27.0,17.5,14.963288408635316,False,True,False,0
307,14408.0,30,3,95,0,1996.51,0,3,41.0,59.0,108.0,33.5,14.059397805975427,False,False,True,1
308,17690.0,1,3,113,1,1943.28,0,4,85.0,86.0,100.0,32.6,33.590177135585336,False,False,True,1
309,15669.0,3,3,32,0,558.89,0,3,66.0,73.0,160.0,53.333333333333336,41.47690120215508,False,False,True,0
310,13021.0,57,2,52,0,990.1700000000001,0,2,9.0,58.0,106.0,35.333333333333336,22.810816147900834,False,True,False,0
311,15615.0,5,3,236,1,4893.05,1,5,8.0,16.0,49.0,13.166666666666666,8.850612031567836,True,False,False,1
312,14245.0,76,2,112,1,1677.48,0,3,21.0,43.0,79.0,21.75,11.4418821295566,False,False,True,0
313,15218.0,16,3,103,0,3283.69,1,4,21.0,62.0,101.0,36.75,10.90489186863706,False,False,True,1
314,14659.0,45,2,95,0,846.68,0,2,42.0,72.0,118.0,39.333333333333336,8.32666399786453,False,True,False,0
315,15299.0,23,3,6,0,545.99,0,3,41.0,60.0,116.0,35.0,16.87206764645835,False,False,True,0
316,15855.0,36,2,80,0,712.24,0,2,47.0,70.0,104.0,31.75,11.412712210513327,False,True,False,0
317,17204.0,69,2,64,0,1420.6100000000001,0,2,6.0,66.0,72.0,18.8,23.689660191737662,False,True,False,0
318,18008.0,103,1,15,0,1934.6,0,1,29.0,39.0,57.0,15.0,11.16542281629615,False,True,False,0
319,17231.0,26,3,221,1,1203.24,0,4,64.0,89.0,137.0,45.666666666666664,19.604421270043485,False,False,True,0
320,15044.0,36,2,109,1,1950.68,0,3,40.0,71.0,105.0,31.5,7.937253933193772,False,False,True,0
321,14875.0,7,3,49,0,1452.47,0,3,34.0,153.0,155.0,51.666666666666664,60.4676221901716,False,False,True,0
322,17613.0,17,3,197,1,2069.0,0,4,52.0,77.0,110.0,29.0,15.313392831113555,False,False,True,1
323,14711.0,9,3,227,1,2033.82,0,4,53.0,76.0,92.0,21.857142857142858,14.217695212053785,False,False,True,2
324,13050.0,0,3,220,1,2307.96,0,4,6.0,21.0,36.0,16.2,16.088643337598246,False,False,True,1
325,17705.0,0,3,56,0,789.3,0,3,6.0,37.0,56.0,32.2,21.04043725781382,False,False,True,1
326,15410.0,29,3,92,0,2702.67,0,3,43.0,74.0,76.0,26.4,15.12613632095123,False,False,True,1
327,13148.0,7,3,144,1,1544.93,0,4,26.0,52.0,72.0,30.8,12.833549781724463,False,False,True,0
328,13576.0,7,3,33,0,2826.78,0,3,6.0,31.0,54.0,19.25,9.067209367511357,False,False,True,2
329,15021.0,56,2,235,1,910.14,0,3,19.0,62.0,105.0,35.0,13.856406460551018,False,False,True,0
330,16859.0,6,3,72,0,473.14,0,3,34.0,35.0,38.0,38.75,54.31006659297458,False,False,True,0
331,17519.0,33,3,48,0,1152.7,0,3,40.0,73.0,128.0,42.666666666666664,11.239810200058244,False,False,True,0
332,16713.0,15,3,264,1,2326.0,0,4,28.0,57.0,120.0,20.857142857142858,21.287152396289578,False,False,True,1
333,13534.0,0,3,206,1,3227.8,1,5,7.0,28.0,29.0,8.05,7.141244178786539,True,False,False,1
334,14794.0,103,1,32,0,466.53999999999996,0,1,50.0,51.0,58.0,19.333333333333332,26.72701504720146,False,True,False,0
335,17512.0,21,3,45,0,1240.69,0,3,33.0,79.0,97.0,34.75,12.41974234837422,False,False,True,0
336,17644.0,17,3,98,0,1526.32,0,3,3.0,32.0,61.0,17.875,10.204165815979275,False,False,True,1
337,13636.0,22,3,31,0,484.55,0,3,126.0,130.0,138.0,46.0,69.31089380465383,False,False,True,0
338,16265.0,10,3,74,0,1605.53,0,3,48.0,108.0,150.0,50.0,9.16515138991168,False,False,True,0
339,13183.0,1,3,52,0,1769.94,0,3,34.0,56.0,107.0,39.75,14.430869689661812,False,False,True,2
340,13488.0,20,3,162,1,3147.87,1,5,21.0,24.0,56.0,20.0,15.88500340992514,True,False,False,1
341,14267.0,50,2,66,0,1279.09,0,2,4.0,12.0,90.0,22.0,31.47220996371243,False,True,False,0
342,15144.0,13,3,76,0,2540.22,0,3,24.0,42.0,104.0,29.4,22.952124084711635,False,False,True,2
343,16904.0,8,3,510,2,2401.66,0,5,13.0,22.0,39.0,19.0,14.91882798920306,True,False,False,2
344,13069.0,19,3,214,1,1743.51,0,4,8.0,31.0,61.0,12.818181818181818,9.38954931632165,False,False,True,2
345,16700.0,21,3,180,1,2781.1,0,4,29.0,40.0,51.0,13.9,7.233410137841088,False,False,True,1
346,16767.0,13,3,122,1,2368.34,0,4,22.0,69.0,106.0,36.75,10.65754818583211,False,False,True,2
347,18109.0,10,3,210,1,3151.6,1,5,17.0,28.0,38.0,13.636363636363637,9.861771922659003,True,False,False,2
348,16458.0,6,3,102,0,1584.1000000000001,0,3,17.0,32.0,64.0,21.857142857142858,6.866065623255952,False,False,True,2
349,15815.0,40,2,40,0,1874.7,0,2,72.0,105.0,119.0,39.666666666666664,29.56912804486012,False,True,False,0
350,14209.0,21,3,66,0,1522.08,0,3,19.0,85.0,92.0,34.5,26.589471600616662,False,False,True,0
351,13695.0,19,3,50,0,1385.53,0,3,9.0,18.0,38.0,15.555555555555555,6.085045421176228,False,False,True,1
352,13097.0,22,3,229,1,2906.31,0,4,16.0,51.0,111.0,34.25,18.83923211457056,False,False,True,1
353,14758.0,44,2,71,0,1484.06,0,2,61.0,81.0,115.0,38.333333333333336,20.840665376454115,False,True,False,0
354,13662.0,82,1,40,0,514.26,0,1,9.0,25.0,30.0,15.4,16.133815419794537,False,True,False,0
355,13327.0,12,3,62,0,1780.65,0,3,24.0,32.0,73.0,36.75,28.253318389173334,False,False,True,0
356,13743.0,7,3,31,0,910.67,0,3,8.0,43.0,48.0,30.4,23.985412233272122,False,False,True,2
357,14472.0,3,3,145,1,920.23,0,4,28.0,49.0,84.0,38.5,21.763884457207237,False,False,True,0
358,16701.0,29,3,93,0,2605.92,0,3,19.0,21.0,22.0,14.222222222222221,11.776860551286344,False,False,True,0
359,14878.0,73,2,50,0,649.13,0,2,7.0,28.0,84.0,28.0,25.238858928247925,False,True,False,0
360,16931.0,3,3,405,1,2036.61,0,4,28.0,42.0,56.0,17.11111111111111,6.173419725817377,False,False,True,1
361,12877.0,24,3,55,0,729.77,0,3,53.0,76.0,94.0,26.6,18.06377590649308,False,False,True,1
362,14755.0,12,3,97,0,1828.3,0,3,30.0,64.0,93.0,28.8,16.991174179555692,False,False,True,1
363,13481.0,8,3,83,0,1352.83,0,3,84.0,141.0,148.0,49.333333333333336,39.06831623366092,False,False,True,1
364,17314.0,48,2,40,0,933.22,0,2,21.0,106.0,108.0,36.0,43.485629810317796,False,True,False,0
365,14410.0,41,2,200,1,501.41,0,3,65.0,108.0,112.0,28.75,30.510927004381013,False,False,True,1
366,13266.0,6,3,125,1,2506.09,0,4,6.0,52.0,79.0,15.0,13.05543735171076,False,False,True,1
367,13552.0,23,3,78,0,2277.92,0,3,3.0,42.0,56.0,19.0,14.27118308573843,False,False,True,1
368,15033.0,9,3,220,1,1043.38,0,4,14.0,50.0,99.0,36.75,16.276260831857748,False,False,True,0
369,14159.0,44,2,534,2,1979.98,0,4,5.0,25.0,43.0,28.0,28.130647581122858,False,False,True,1
370,15249.0,7,3,286,1,5325.93,1,5,12.0,20.0,36.0,14.9,10.608696642116055,True,False,False,2
371,15624.0,16,3,34,0,588.13,0,3,19.0,90.0,140.0,46.666666666666664,26.159765544311234,False,False,True,0
372,15874.0,77,2,87,0,1596.8,0,2,40.0,68.0,72.0,19.75,17.211914478058507,False,True,False,0
373,16814.0,8,3,166,1,3078.08,1,5,22.0,47.0,68.0,18.5,4.105745103771404,True,False,False,2
374,12957.0,86,1,81,0,1292.41,0,1,18.0,63.0,70.0,23.333333333333332,19.55334583474995,False,True,False,0
375,18177.0,57,2,61,0,1010.57,0,2,47.0,75.0,76.0,24.5,18.947295321496416,False,True,False,0
376,18226.0,20,3,167,1,3833.73,1,5,15.0,39.0,65.0,19.285714285714285,6.575568054403759,True,False,False,1
377,13769.0,13,3,60,0,1086.47,0,3,9.0,41.0,94.0,23.666666666666668,17.546129677700055,False,False,True,1
378,17719.0,6,3,226,1,4449.16,1,5,2.0,7.0,9.0,10.642857142857142,8.616684556559603,True,False,False,2
379,15129.0,6,3,60,0,2441.33,0,3,20.0,31.0,70.0,21.285714285714285,14.896468101693163,False,False,True,0
380,14680.0,21,3,145,1,15847.56,2,6,14.0,33.0,57.0,19.142857142857142,10.976164652381563,True,False,False,1
381,12888.0,114,1,7,0,313.77,0,1,6.0,38.0,41.0,13.666666666666666,15.947831618540913,False,True,False,0
382,15628.0,22,3,60,0,989.77,0,3,6.0,60.0,133.0,44.333333333333336,34.53018003621373,False,False,True,1
383,16607.0,7,3,77,0,1150.76,0,3,21.0,22.0,34.0,24.666666666666668,22.82688473416087,False,False,True,1
384,17364.0,37,2,108,1,1693.02,0,3,67.0,80.0,118.0,39.333333333333336,27.02468007827906,False,False,True,0
385,16011.0,19,3,76,0,972.09,0,3,25.0,57.0,65.0,27.2,14.989996664442591,False,False,True,2
386,13588.0,20,3,83,0,1053.51,0,3,3.0,16.0,135.0,45.0,64.28063471995279,False,False,True,2
387,14189.0,7,3,108,1,1719.2,0,4,6.0,50.0,93.0,18.5,17.574331932029246,False,False,True,2
388,15521.0,48,2,150,1,1991.98,0,3,64.0,66.0,100.0,26.5,28.7691964897643,False,False,True,0
389,13720.0,16,3,43,0,799.9,0,3,62.0,122.0,138.0,46.0,26.0,False,False,True,0
390,15674.0,113,1,81,0,677.0799999999999,0,1,2.0,27.0,35.0,10.25,10.1447851956888,False,True,False,0
391,13999.0,15,3,108,1,1943.8400000000001,0,4,20.0,41.0,56.0,23.166666666666668,12.122980931547596,False,False,True,2
392,16218.0,14,3,50,0,2134.37,0,3,24.0,71.0,92.0,35.0,14.491376746189438,False,False,True,0
393,14099.0,20,3,126,1,1479.99,0,4,37.0,50.0,98.0,33.5,14.708274315273474,False,False,True,0
394,15373.0,15,3,65,0,786.9000000000001,0,3,58.0,95.0,139.0,46.333333333333336,10.692676621563626,False,False,True,0
395,13988.0,62,2,113,1,1916.85,0,3,34.0,38.0,92.0,30.666666666666668,25.166114784235834,False,False,True,0
396,17220.0,26,3,243,1,1534.9,0,4,30.0,80.0,128.0,42.666666666666664,11.015141094572202,False,False,True,1
397,13728.0,7,3,41,0,638.44,0,3,27.0,91.0,147.0,49.0,19.467922333931785,False,False,True,0
398,16949.0,79,1,28,0,694.33,0,1,6.0,39.0,75.0,25.0,16.522711641858304,False,True,False,0
399,13047.0,13,3,115,1,1736.8400000000001,0,4,4.0,14.0,41.0,20.142857142857142,15.115428888264814,False,False,True,0
400,15812.0,7,3,39,0,1556.3400000000001,0,3,44.0,82.0,147.0,49.0,14.177446878757825,False,False,True,0
401,15981.0,37,2,58,0,2188.2,0,2,31.0,73.0,104.0,29.25,12.010412149464313,False,True,False,0
402,15785.0,57,2,28,0,725.47,0,2,33.0,40.0,97.0,32.333333333333336,25.006665778014735,False,True,False,0
403,16092.0,14,3,52,0,809.36,0,3,71.0,83.0,140.0,46.666666666666664,30.8274769213008,False,False,True,2
404,17677.0,0,3,160,1,8870.29,1,5,27.0,34.0,36.0,12.833333333333334,11.784684462419342,True,False,False,2
405,17400.0,26,3,176,1,1705.79,0,4,84.0,127.0,128.0,42.666666666666664,41.50100400391939,False,False,True,0
406,16398.0,44,2,86,0,1631.15,0,2,10.0,82.0,109.0,36.333333333333336,32.036437588054845,False,True,False,0
407,16401.0,17,3,96,0,1763.3899999999999,0,3,5.0,14.0,26.0,19.428571428571427,15.153186055052831,False,False,True,2
408,15856.0,0,3,357,1,5688.89,1,5,3.0,15.0,40.0,17.0,10.851267207105352,True,False,False,2
409,13571.0,27,3,132,1,801.15,0,4,15.0,57.0,65.0,25.2,13.809417076763232,False,False,True,1
410,12909.0,91,1,68,0,1485.92,0,1,6.0,10.0,62.0,20.666666666666668,27.15388247255507,False,True,False,0
411,14952.0,58,2,52,0,1298.18,0,2,48.0,49.0,95.0,31.666666666666668,26.57693235370353,False,True,False,0
412,16681.0,44,2,34,0,1332.68,0,2,61.0,83.0,109.0,36.333333333333336,21.455380055672126,False,True,False,0
413,17071.0,34,3,72,0,1083.97,0,3,53.0,100.0,105.0,29.75,23.79600806858159,False,False,True,1
414,18037.0,54,2,11,0,30.47,0,2,71.0,82.0,99.0,33.0,33.04542328371661,False,True,False,0
415,17861.0,36,2,130,1,1018.11,0,3,19.0,20.0,117.0,39.0,51.02940328869229,False,False,True,0
416,17735.0,8,3,442,1,8323.97,1,5,19.0,35.0,46.0,14.5,7.633988327065858,True,False,False,2
417,13883.0,100,1,101,0,1673.8,0,1,11.0,18.0,53.0,17.666666666666668,15.14375558880073,False,True,False,0
418,18172.0,21,3,75,0,3298.59,1,4,6.0,13.0,27.0,16.5,13.65911521920174,False,False,True,1
419,14525.0,0,3,177,1,2100.01,0,4,20.0,82.0,85.0,30.6,24.470390270692455,False,False,True,0
420,16365.0,23,3,29,0,494.1,0,3,17.0,27.0,130.0,43.333333333333336,51.79124765183142,False,False,True,0
421,16609.0,22,3,155,1,2706.7400000000002,0,4,13.0,28.0,75.0,26.0,13.92838827718412,False,False,True,1
422,16180.0,0,3,176,1,10217.48,1,5,20.0,27.0,28.0,19.0,11.807987611298186,True,False,False,0
423,15860.0,24,3,64,0,551.62,0,3,20.0,108.0,128.0,42.666666666666664,39.25981830489455,False,False,True,1
424,16592.0,36,2,104,0,1735.1499999999999,0,2,47.0,63.0,65.0,23.2,16.452963258939103,False,True,False,0
425,13184.0,30,3,142,1,1239.42,0,4,17.0,21.0,54.0,20.333333333333332,15.068731421943477,False,False,True,0
426,15601.0,22,3,115,1,1795.26,0,4,48.0,81.0,130.0,43.333333333333336,8.962886439832502,False,False,True,1
427,12949.0,14,3,183,1,3425.2200000000003,1,5,16.0,92.0,131.0,27.6,30.74573141104306,True,False,False,0
428,16928.0,1,3,157,1,1873.0,0,4,12.0,19.0,25.0,15.1,6.172519744804387,False,False,True,2
429,13418.0,24,3,177,1,2510.81,0,4,32.0,39.0,40.0,16.0,16.86077442722351,False,False,True,1
430,15356.0,5,3,280,1,1659.91,0,4,50.0,70.0,113.0,36.75,12.945398152754258,False,False,True,1
431,17629.0,20,3,60,0,559.73,0,3,51.0,94.0,130.0,43.333333333333336,7.505553499465134,False,False,True,0
432,13269.0,9,3,184,1,2290.63,0,4,41.0,70.0,104.0,23.5,13.442470011125186,False,False,True,1
433,17669.0,22,3,51,0,2433.22,0,3,48.0,88.0,117.0,31.75,16.45954636879968,False,False,True,1
434,14895.0,0,3,172,1,3697.77,1,5,10.0,45.0,76.0,24.833333333333332,15.038838607640773,True,False,False,2
435,13004.0,14,3,158,1,2156.45,0,4,19.0,54.0,56.0,15.0,12.349089035228468,False,False,True,1
436,17114.0,38,2,49,0,272.0,0,2,28.0,70.0,105.0,27.75,15.58578412100805,False,True,False,0
437,17848.0,28,3,37,0,607.69,0,3,13.0,20.0,41.0,30.25,33.658827470169946,False,False,True,1
438,12951.0,63,2,26,0,432.19,0,2,10.0,41.0,85.0,28.333333333333332,17.15614564327703,False,True,False,0
439,14849.0,19,3,199,1,3593.4700000000003,1,5,22.0,57.0,87.0,25.8,11.77709641634983,True,False,False,1
440,13013.0,7,3,98,0,1830.5,0,3,16.0,27.0,40.0,20.142857142857142,19.961868411453636,False,False,True,2
441,16919.0,56,2,262,1,2056.44,0,3,22.0,36.0,43.0,11.5,5.830951894845301,False,False,True,0
442,15727.0,7,3,164,1,2517.69,0,4,36.0,91.0,141.0,47.0,9.848857801796104,False,False,True,0
443,16170.0,12,3,104,0,1556.03,0,3,22.0,63.0,71.0,27.2,18.212632978237934,False,False,True,0
444,16696.0,35,3,10,0,657.9000000000001,0,3,68.0,78.0,113.0,37.666666666666664,29.091808698211484,False,False,True,0
445,16161.0,37,2,117,1,1678.31,0,3,3.0,32.0,61.0,22.0,14.0,False,False,True,1
446,17682.0,15,3,72,0,1492.85,0,3,28.0,76.0,77.0,33.0,24.20743687382041,False,False,True,0
447,16241.0,14,3,363,1,1069.84,0,4,7.0,24.0,63.0,26.6,13.885243966167826,False,False,True,2
448,17440.0,47,2,8,0,177.1,0,2,9.0,92.0,100.0,33.333333333333336,43.015501081974314,False,True,False,0
449,15201.0,21,3,62,0,890.94,0,3,1.0,5.0,79.0,21.0,29.010342983149993,False,False,True,1
450,14403.0,30,3,26,0,1426.31,0,3,11.0,87.0,105.0,29.25,31.31958918419376,False,False,True,0
451,17042.0,21,3,89,0,922.8199999999999,0,3,33.0,75.0,126.0,42.0,9.0,False,False,True,0
452,18272.0,13,3,118,1,2092.65,0,4,37.0,99.0,112.0,33.25,21.608254595562936,False,False,True,0
453,14961.0,54,2,89,0,1782.5,0,2,64.0,78.0,87.0,23.0,27.58018612458347,False,True,False,0
454,13752.0,24,3,76,0,1186.28,0,3,31.0,60.0,84.0,24.4,10.737783756436894,False,False,True,0
455,16209.0,19,3,41,0,2116.9,0,3,60.0,67.0,127.0,42.333333333333336,30.599564267050166,False,False,True,1
456,17790.0,20,3,90,0,847.16,0,3,13.0,30.0,78.0,25.2,16.02186006679624,False,False,True,0
457,16255.0,23,3,111,1,893.9300000000001,0,4,8.0,19.0,22.0,30.75,46.94944089123959,False,False,True,1
458,18061.0,7,3,28,0,976.1800000000001,0,3,44.0,75.0,99.0,34.5,8.812869377601524,False,False,True,1
459,13995.0,15,3,55,0,861.7,0,3,26.0,127.0,130.0,43.333333333333336,51.24776417887256,False,False,True,0
460,16133.0,0,3,200,1,9853.7,1,5,1.0,7.0,8.0,6.041666666666667,7.503501598046344,True,False,False,2
461,16837.0,57,2,91,0,1908.49,0,2,35.0,40.0,55.0,12.571428571428571,10.612212192518939,False,True,False,0
462,15114.0,16,3,79,0,1094.96,0,3,32.0,66.0,101.0,32.25,3.095695936834451,False,False,True,1
463,13178.0,33,3,148,1,3267.73,1,5,15.0,38.0,70.0,22.4,9.370165420097981,True,False,False,0
464,17809.0,29,3,20,0,276.72,0,3,15.0,39.0,43.0,23.2,15.287249589118376,False,False,True,0
465,17054.0,34,3,74,0,1204.82,0,3,3.0,73.0,101.0,27.75,30.07074990750979,False,False,True,0
466,17268.0,7,3,6,0,763.64,0,3,43.0,136.0,138.0,46.0,45.574115460423364,False,False,True,0
467,16556.0,5,3,101,0,1605.38,0,3,57.0,96.0,140.0,46.666666666666664,9.29157324317757,False,False,True,1
468,16873.0,27,3,88,0,1697.78,0,3,64.0,70.0,107.0,29.5,26.714540360385516,False,False,True,0
469,15955.0,6,3,70,0,1881.3200000000002,0,3,14.0,85.0,97.0,34.25,27.62094615806393,False,False,True,1
470,13232.0,80,1,132,1,878.45,0,2,16.0,28.0,63.0,21.0,12.288205727444508,False,True,False,0
471,13610.0,10,3,127,1,529.09,0,4,35.0,77.0,133.0,44.333333333333336,10.692676621563628,False,False,True,0
472,17069.0,50,2,59,0,888.95,0,2,5.0,76.0,92.0,30.666666666666668,35.3600527903075,False,True,False,0
473,17340.0,13,3,129,1,3202.61,1,5,7.0,38.0,56.0,25.8,16.084153692376855,True,False,False,1
474,15737.0,47,2,60,0,825.33,0,2,39.0,42.0,93.0,23.75,25.024987512484397,False,True,False,0
475,16407.0,10,3,81,0,989.28,0,3,28.0,84.0,132.0,44.0,14.422205101855956,False,False,True,1
476,13549.0,42,2,44,0,759.97,0,2,8.0,50.0,57.0,20.0,19.761072845369505,False,True,False,0
477,14696.0,19,3,58,0,863.5600000000001,0,3,64.0,68.0,123.0,41.0,32.357379374726875,False,False,True,1
478,16186.0,3,3,132,1,2373.85,0,4,17.0,39.0,68.0,23.0,5.440588203494177,False,False,True,1
479,15251.0,6,3,81,0,7387.22,1,4,7.0,21.0,36.0,16.875,8.967202143685302,False,False,True,2
480,17160.0,9,3,191,1,3001.18,1,5,27.0,49.0,116.0,33.0,23.108440016582687,True,False,False,0
481,16705.0,40,2,86,0,4544.360000000001,1,3,4.0,59.0,67.0,20.2,20.70507184242547,False,False,True,1
482,14738.0,30,3,23,0,548.32,0,3,3.0,69.0,81.0,27.75,27.861263431510064,False,False,True,0
483,16729.0,14,3,419,1,4873.01,1,5,12.0,19.0,28.0,9.071428571428571,4.066075138627794,True,False,False,2
484,14289.0,34,3,23,0,510.54,0,3,42.0,65.0,107.0,35.666666666666664,10.96965511460289,False,False,True,0
485,13717.0,28,3,51,0,645.1899999999999,0,3,44.0,105.0,112.0,37.333333333333336,27.610384519838426,False,False,True,0
486,18236.0,29,3,36,0,641.19,0,3,26.0,57.0,111.0,37.0,14.933184523068078,False,False,True,1
487,15134.0,27,3,36,0,614.86,0,3,50.0,86.0,113.0,37.666666666666664,11.590225767142474,False,False,True,0
488,15046.0,27,3,93,0,2484.5299999999997,0,3,39.0,46.0,67.0,22.6,16.531787562148264,False,False,True,1
489,16966.0,63,2,24,0,1480.56,0,2,2.0,7.0,34.0,15.4,15.142654985173506,False,True,False,0
490,14062.0,12,3,45,0,4705.4,1,4,32.0,64.0,127.0,32.0,25.311394008759507,False,False,True,2
491,15640.0,21,3,205,1,4508.69,1,5,3.0,19.0,64.0,23.8,18.26745740380965,True,False,False,1
492,18178.0,13,3,64,0,939.46,0,3,15.0,106.0,127.0,42.333333333333336,42.2532050066422,False,False,True,0
493,13629.0,36,2,37,0,3472.36,1,3,6.0,37.0,74.0,25.75,13.59840676942217,False,False,True,1
494,16187.0,13,3,174,1,3925.42,1,5,14.0,56.0,90.0,25.2,12.45792920191795,True,False,False,2
495,14040.0,17,3,108,1,1515.28,0,4,18.0,54.0,66.0,24.4,9.838699100999074,False,False,True,1
496,15271.0,16,3,94,0,1007.49,0,3,13.0,46.0,64.0,20.5,7.12039324756716,False,False,True,1
497,12853.0,7,3,61,0,1470.75,0,3,27.0,107.0,132.0,44.0,31.192947920964443,False,False,True,0
498,13317.0,82,1,64,0,954.82,0,1,15.0,52.0,56.0,18.666666666666668,16.802777548171413,False,True,False,0
499,16249.0,12,3,49,0,1440.77,0,3,25.0,89.0,127.0,42.333333333333336,19.85782801147531,False,False,True,0
500,16393.0,42,2,140,1,977.07,0,3,14.0,43.0,73.0,24.25,7.32006375199925,False,False,True,1
501,13590.0,40,2,40,0,801.52,0,2,9.0,58.0,98.0,32.666666666666664,20.984120980716188,False,True,False,0
502,16806.0,3,3,103,0,801.49,0,3,66.0,117.0,136.0,45.333333333333336,24.006943440041116,False,False,True,0
503,18171.0,58,2,24,0,421.17,0,2,4.0,76.0,80.0,26.666666666666668,39.25981830489455,False,True,False,0
504,14323.0,14,3,41,0,574.26,0,3,76.0,119.0,124.0,41.333333333333336,35.52933060632206,False,False,True,0
505,13993.0,0,3,56,0,1420.31,0,3,45.0,105.0,126.0,34.5,21.97726097583591,False,False,True,2
506,15027.0,68,2,33,0,952.77,0,2,30.0,51.0,66.0,17.5,10.908712114635714,False,True,False,0
507,13742.0,62,2,89,0,1468.69,0,2,3.0,17.0,22.0,12.666666666666666,10.74554171117802,False,True,False,0
508,17346.0,3,3,197,1,912.8,0,4,75.0,84.0,101.0,33.75,29.409465596414137,False,False,True,1
509,17920.0,5,3,227,1,1511.06,0,4,31.0,35.0,56.0,26.2,14.166862743741113,False,False,True,1
510,13692.0,103,1,34,0,850.13,0,1,10.0,17.0,33.0,11.0,4.58257569495584,False,True,False,0
511,15555.0,3,3,420,1,1804.3999999999999,0,4,55.0,72.0,73.0,22.166666666666668,19.538850187937538,False,False,True,1
512,15491.0,0,3,150,1,2791.69,0,4,79.0,82.0,118.0,33.75,33.059290171851345,False,False,True,2
513,17284.0,20,3,136,1,767.13,0,4,46.0,57.0,115.0,38.333333333333336,24.419937209856485,False,False,True,0
514,16550.0,8,3,210,1,1720.64,0,4,47.0,56.0,77.0,31.75,19.98958061924595,False,False,True,0
515,17338.0,14,3,330,1,2530.07,0,4,47.0,91.0,121.0,40.333333333333336,9.073771725877465,False,False,True,0
516,15625.0,0,3,68,0,1504.56,0,3,3.0,28.0,30.0,22.5,24.28785704832767,False,False,True,0
517,18219.0,49,2,50,0,882.76,0,2,19.0,65.0,86.0,28.666666666666668,15.044378795195678,False,True,False,0
518,15508.0,89,1,92,0,1000.27,0,1,30.0,36.0,46.0,15.333333333333334,12.858201014657274,False,True,False,0
519,16654.0,41,2,22,0,367.57,0,2,46.0,79.0,94.0,31.333333333333332,15.56705923844749,False,True,False,0
520,16628.0,6,3,89,0,1614.83,0,3,23.0,29.0,112.0,32.0,34.708308323320324,False,False,True,0
521,12947.0,43,2,67,0,961.44,0,2,28.0,39.0,40.0,15.166666666666666,11.19672571186178,False,True,False,0
522,17663.0,54,2,30,0,637.19,0,2,44.0,78.0,80.0,26.666666666666668,21.93931022920578,False,True,False,0
523,14201.0,49,2,22,0,394.6,0,2,37.0,58.0,62.0,17.0,13.765899897936205,False,True,False,0
524,14415.0,23,3,157,1,1687.31,0,4,38.0,59.0,75.0,27.75,10.90489186863706,False,False,True,1
525,16098.0,28,3,35,0,860.09,0,3,29.0,57.0,106.0,35.333333333333336,11.846237095944574,False,False,True,1
526,15260.0,0,3,61,0,1360.27,0,3,41.0,42.0,86.0,26.6,17.812916661793487,False,False,True,0
527,16103.0,57,2,37,0,1156.4,0,2,29.0,69.0,76.0,25.333333333333332,16.802777548171413,False,True,False,0
528,14776.0,5,3,63,0,1291.38,0,3,39.0,66.0,70.0,25.6,16.303373883954205,False,False,True,0
529,15805.0,6,3,154,1,2596.9900000000002,0,4,57.0,69.0,79.0,18.142857142857142,19.35138730107458,False,False,True,1
530,17115.0,79,1,36,0,582.22,0,1,3.0,47.0,54.0,18.0,22.60530911091463,False,True,False,0
531,17402.0,1,3,20,0,1160.58,0,3,11.0,65.0,82.0,33.0,22.135943621178654,False,False,True,2
532,17061.0,10,3,81,0,4542.7300000000005,1,4,37.0,58.0,82.0,17.428571428571427,11.207990347026874,False,False,True,1
533,18283.0,48,2,268,1,667.87,0,3,21.0,30.0,52.0,21.0,9.41629792788369,False,False,True,0
534,13862.0,8,3,69,0,1090.0,0,3,46.0,77.0,79.0,31.0,20.51016008388688,False,False,True,1
535,14562.0,26,3,137,1,1271.8,0,4,21.0,56.0,105.0,35.0,14.0,False,False,True,1
536,16722.0,6,3,93,0,2102.47,0,3,34.0,50.0,77.0,20.166666666666668,8.886319072972041,False,False,True,2
537,13209.0,7,3,225,1,3668.43,1,5,21.0,36.0,113.0,30.0,31.85383284106744,True,False,False,0
538,16942.0,36,2,199,1,1422.66,0,3,20.0,40.0,53.0,18.2,8.318653737234168,False,False,True,0
539,14640.0,27,3,77,0,1484.41,0,3,20.0,43.0,98.0,25.0,22.045407685048602,False,False,True,0
540,14078.0,1,3,45,0,743.0799999999999,0,3,83.0,112.0,125.0,41.666666666666664,36.67878587594378,False,False,True,0
541,18077.0,3,3,91,0,959.48,0,3,17.0,70.0,123.0,41.0,20.784609690826528,False,False,True,0
542,12840.0,43,2,116,1,2714.27,0,3,39.0,71.0,75.0,16.6,17.558473737771173,False,False,True,0
543,16145.0,13,3,88,0,1270.22,0,3,10.0,30.0,37.0,16.142857142857142,13.471309902017342,False,False,True,2
544,15768.0,15,3,28,0,581.8299999999999,0,3,88.0,91.0,110.0,36.666666666666664,45.17004907384243,False,False,True,0
545,15845.0,34,3,55,0,1233.28,0,3,10.0,45.0,76.0,22.75,12.120918557051139,False,False,True,1
546,15708.0,34,3,80,0,1049.78,0,3,4.0,84.0,88.0,29.333333333333332,43.87862045841156,False,False,True,0
547,14191.0,8,3,117,1,2233.51,0,4,13.0,25.0,54.0,16.0,8.563488385776754,False,False,True,1
548,17422.0,36,2,76,0,926.12,0,2,6.0,44.0,81.0,21.0,19.096247449870006,False,True,False,1
549,15382.0,79,1,69,0,1079.85,0,1,5.0,31.0,40.0,13.333333333333334,11.150485789118488,False,True,False,0
550,13012.0,48,2,49,0,299.82000000000005,0,2,31.0,64.0,65.0,17.75,16.600702796367788,False,True,False,0
551,15128.0,26,3,90,0,1118.78,0,3,38.0,42.0,73.0,15.5,15.501612819316577,False,False,True,0
552,15987.0,20,3,77,0,1092.94,0,3,28.0,79.0,99.0,33.0,16.09347693943108,False,False,True,0
553,16258.0,27,3,89,0,3741.06,1,4,9.0,42.0,92.0,30.666666666666668,20.5993527406405,False,False,True,0
554,17429.0,20,3,42,0,512.12,0,3,8.0,65.0,98.0,32.666666666666664,24.5017006212494,False,False,True,0
555,17522.0,38,2,67,0,912.25,0,2,45.0,68.0,80.0,26.666666666666668,16.802777548171413,False,True,False,0
556,13450.0,24,3,43,0,1421.46,0,3,37.0,80.0,94.0,31.333333333333332,15.30795000427338,False,False,True,1
557,18241.0,6,3,68,0,1190.78,0,3,3.0,6.0,9.0,11.1,13.270267518026907,False,False,True,2
558,14145.0,33,3,9,0,2257.2,0,3,23.0,25.0,84.0,28.0,28.827070610799147,False,False,True,0
559,15796.0,9,3,67,0,1189.8,0,3,77.0,78.0,91.0,26.5,34.22961680572347,False,False,True,1
560,18142.0,51,2,18,0,1014.9,0,2,6.0,60.0,64.0,21.333333333333332,28.307831660749525,False,True,False,0
561,15518.0,23,3,129,1,978.2,0,4,1.0,11.0,34.0,18.4,22.78815481779953,False,False,True,0
562,14188.0,0,3,35,0,978.8100000000001,0,3,6.0,9.0,54.0,28.5,28.407745422683583,False,False,True,1
563,17612.0,12,3,72,0,1003.08,0,3,28.0,36.0,94.0,25.5,23.62907813126304,False,False,True,2
564,16326.0,17,3,73,0,798.29,0,3,42.0,56.0,97.0,32.333333333333336,15.88500340992514,False,False,True,1
565,17723.0,26,3,10,0,3276.4000000000005,1,4,28.0,45.0,64.0,17.4,7.021395872616783,False,False,True,0
566,16668.0,16,3,14,0,215.76,0,3,22.0,66.0,98.0,32.666666666666664,11.015141094572202,False,False,True,0
567,16841.0,7,3,78,0,1148.48,0,3,30.0,63.0,78.0,26.5,7.937253933193772,False,False,True,0
568,14397.0,9,3,35,0,856.0,0,3,18.0,29.0,35.0,13.0,6.187545093630776,False,False,True,2
569,12749.0,13,3,160,1,2532.55,0,4,7.0,17.0,87.0,25.0,30.099833886584822,False,False,True,0
570,13136.0,33,3,68,0,1208.53,0,3,8.0,77.0,78.0,26.0,37.403208418530085,False,False,True,1
571,15296.0,9,3,83,0,1372.36,0,3,66.0,74.0,103.0,34.333333333333336,29.36551265231604,False,False,True,1
572,15187.0,29,3,30,0,1521.44,0,3,11.0,19.0,39.0,20.75,16.31716887208072,False,False,True,1
573,14364.0,8,3,69,0,3717.35,1,4,26.0,56.0,62.0,17.166666666666668,9.196013629104007,False,False,True,0
574,16184.0,5,3,38,0,982.5500000000001,0,3,4.0,7.0,28.0,21.2,19.110206696946005,False,False,True,1
575,18221.0,15,3,43,0,698.56,0,3,64.0,69.0,96.0,32.0,29.816103031751148,False,False,True,0
576,15544.0,19,3,117,1,1571.6,0,4,18.0,31.0,54.0,23.0,10.801234497346433,False,False,True,0
577,17671.0,34,3,35,0,415.74,0,3,23.0,70.0,77.0,25.666666666666668,20.132891827388665,False,False,True,0
578,16466.0,3,3,74,0,890.51,0,3,14.0,77.0,105.0,35.0,25.238858928247925,False,False,True,1
579,13456.0,55,2,25,0,826.1600000000001,0,2,20.0,28.0,52.0,17.333333333333332,8.326663997864532,False,True,False,0
580,14221.0,13,3,120,1,2299.11,0,4,36.0,71.0,77.0,23.25,14.72809107341025,False,False,True,1
581,16266.0,15,3,50,0,761.12,0,3,21.0,61.0,85.0,22.75,13.937359864766353,False,False,True,1
582,13756.0,29,3,61,0,1553.94,0,3,14.0,54.0,76.0,25.333333333333332,13.316656236958785,False,False,True,1
583,16775.0,22,3,62,0,597.45,0,3,11.0,39.0,41.0,20.75,17.802153427792568,False,False,True,1
584,14583.0,44,2,230,1,787.64,0,3,21.0,41.0,61.0,20.333333333333332,0.5773502691896263,False,False,True,0
585,16818.0,6,3,120,1,2070.8,0,4,20.0,30.0,41.0,11.0,11.0,False,False,True,2
586,17469.0,8,3,55,0,1022.36,0,3,48.0,49.0,96.0,32.0,26.851443164195103,False,False,True,1
587,16813.0,13,3,324,1,1062.18,0,4,18.0,32.0,60.0,18.2,5.932958789676531,False,False,True,2
588,12935.0,9,3,66,0,1099.46,0,3,40.0,89.0,94.0,31.333333333333332,23.24507116214819,False,False,True,0
589,13856.0,68,2,17,0,363.4,0,2,11.0,15.0,35.0,11.666666666666666,8.020806277010642,False,True,False,0
590,15095.0,3,3,49,0,1364.7,0,3,32.0,83.0,100.0,33.333333333333336,17.03917055884274,False,False,True,0
591,17659.0,0,3,60,0,1147.48,0,3,9.0,28.0,69.0,16.5,13.322912594474229,False,False,True,1
592,13213.0,28,3,53,0,961.73,0,3,48.0,55.0,71.0,23.666666666666668,21.548395145191982,False,False,True,0
593,15804.0,6,3,125,1,1821.91,0,4,2.0,22.0,25.0,18.4,16.00937225502612,False,False,True,2
594,14584.0,68,2,101,0,1029.26,0,2,3.0,14.0,28.0,7.25,6.238322424070967,False,True,False,0
595,18232.0,57,2,35,0,490.12,0,2,32.0,35.0,40.0,13.333333333333334,16.19670748434179,False,True,False,0
596,18073.0,14,3,76,0,3864.44,1,4,14.0,27.0,41.0,9.222222222222221,5.142416206847171,False,False,True,0
597,14338.0,58,2,34,0,554.22,0,2,3.0,33.0,38.0,12.666666666666666,15.044378795195678,False,True,False,0
598,14088.0,28,3,203,1,17886.66,2,6,7.0,15.0,21.0,12.4,7.436396977031284,True,False,False,0
599,16880.0,26,3,117,1,856.91,0,4,26.0,47.0,63.0,21.0,5.0,False,False,True,1
600,17706.0,0,3,267,1,6782.33,1,5,7.0,9.0,14.0,9.666666666666666,10.535653752852738,True,False,False,1
601,15152.0,13,3,139,1,2321.76,0,4,10.0,15.0,23.0,10.571428571428571,8.423323628614833,False,False,True,1
602,18248.0,13,3,49,0,783.02,0,3,1.0,9.0,73.0,24.333333333333332,34.530180036213736,False,False,True,0
603,13115.0,54,2,59,0,859.8,0,2,4.0,14.0,29.0,7.5,6.244997998398398,False,True,False,0
604,14132.0,13,3,87,0,1552.46,0,3,15.0,37.0,49.0,17.5,4.795831523312719,False,False,True,1
605,14401.0,7,3,101,0,2214.18,0,3,5.0,21.0,35.0,12.5,5.612486080160912,False,False,True,2
606,16794.0,8,3,154,1,615.8,0,4,40.0,71.0,72.0,24.0,20.42057785666214,False,False,True,2
607,13517.0,6,3,110,1,1592.83,0,4,1.0,66.0,73.0,24.333333333333332,35.345909711497505,False,False,True,1
608,16774.0,16,3,33,0,535.6,0,3,14.0,26.0,62.0,20.666666666666668,13.316656236958787,False,False,True,1
609,13384.0,21,3,77,0,1726.19,0,3,7.0,50.0,57.0,19.0,20.784609690826528,False,False,True,1
610,17651.0,43,2,74,0,1114.56,0,2,12.0,26.0,29.0,8.5,5.32290647422377,False,True,False,0
611,17562.0,9,3,42,0,646.1,0,3,12.0,47.0,56.0,16.0,12.780193008453876,False,False,True,1
612,14808.0,44,2,192,1,1514.36,0,3,8.0,22.0,28.0,9.333333333333334,4.163331998932266,False,False,True,0
613,12830.0,34,3,28,0,5137.76,1,4,7.0,22.0,37.0,12.333333333333334,4.618802153517007,False,False,True,1
614,13420.0,34,3,10,0,140.35,0,3,15.0,22.0,36.0,12.0,4.358898943540674,False,False,True,0
615,12919.0,16,3,17,0,425.75,0,3,34.0,49.0,53.0,17.666666666666668,15.176736583776282,False,False,True,1
616,13709.0,0,3,144,1,2405.17,0,4,1.0,22.0,27.0,17.0,18.184242262647807,False,False,True,2
617,13870.0,1,3,56,0,1618.64,0,3,33.0,63.0,67.0,22.333333333333332,15.947831618540915,False,False,True,0
618,17750.0,12,3,127,1,1079.72,0,4,20.0,34.0,51.0,17.0,3.0,False,False,True,2
619,17997.0,33,3,76,0,1276.72,0,3,19.0,23.0,31.0,10.333333333333334,7.76745346515403,False,False,True,1
620,13217.0,22,3,7,0,133.62,0,3,9.0,20.0,34.0,11.333333333333334,2.5166114784235836,False,False,True,0
621,14414.0,9,3,66,0,908.03,0,3,5.0,22.0,24.0,6.75,6.946221994724903,False,False,True,2
622,17676.0,6,3,27,0,425.73,0,3,3.0,20.0,24.0,8.0,7.810249675906654,False,False,True,1
